{
  "homebrew_version": "3.6.4-35-ge23d7b6",
  "used_options": [

  ],
  "unused_options": [

  ],
  "built_as_bottle": true,
  "poured_from_bottle": true,
  "loaded_from_api": null,
  "installed_as_dependency": false,
  "installed_on_request": true,
  "changed_files": [
    "lib/pkgconfig/history.pc",
    "lib/pkgconfig/readline.pc",
    "share/doc/readline/INSTALL",
    "share/readline/rl-fgets.c"
  ],
  "time": 1678921052,
  "source_modified_time": 1663941156,
  "compiler": "clang",
  "aliases": [

  ],
  "runtime_dependencies": [

  ],
  "source": {
    "spec": "stable",
    "versions": {
      "stable": "8.2.1",
      "head": null,
      "version_scheme": 0
    },
    "path": "/goinfre/nouakhro/.brew/Library/Taps/homebrew/homebrew-core/Formula/readline.rb",
    "tap_git_head": "0384ddd0d2f7868478b393d84ae1abe91e3aed63",
    "tap": "homebrew/core"
  },
  "arch": "x86_64",
  "built_on": {
    "os": "Macintosh",
    "os_version": "macOS 10.15.7",
    "cpu_family": "penryn",
    "xcode": "12.4",
    "clt": "12.0.0.32.29",
    "preferred_perl": "5.18"
  }
}